{"model":{"version":3,"nodes":[{"name":"RootNode","position":[0,0,0],"rotation":[0,0,0],"scale":[0.01,0.01,0.01],"scaleCompensation":false},{"name":"Icosphere_cell.002","position":[0,0,0],"rotation":[-90,0,0],"scale":[100,100,100],"scaleCompensation":false},{"name":"Icosphere_cell.001","position":[0,0,-2.98023e-06],"rotation":[-90,0,0],"scale":[100,100,100],"scaleCompensation":false},{"name":"Icosphere_cell","position":[-9.31323e-08,1.19209e-05,5.96046e-06],"rotation":[-90,0,0],"scale":[100,100,100],"scaleCompensation":false}],"parents":[-1,0,0,0],"skins":[],"morphs":[],"vertices":[{"position":{"type":"float32","components":3,"data":[0,-2.98023e-08,0,0.438519,-0.592617,0.455632,-0.856174,-1.20032,0.911231,0,-2.98023e-08,0,-0.856174,-1.20032,0.911231,-1.4075,0.443782,0.912095,0,-2.98023e-08,0,-1.4075,0.443782,0.912095,-0.0128711,1.47573,0.912095,-1.4075,0.443782,0.912095,-0.856174,-1.20032,0.911231,-1.39953,-0.467779,2.38712,-0.0128711,1.47573,0.912095,-1.4075,0.443782,0.912095,-0.876848,1.18665,2.38622,-1.4075,0.443782,0.912095,-1.39953,-0.467779,2.38712,-0.876848,1.18665,2.38622,-0.0128711,1.47573,0.912095,-0.876848,1.18665,2.38622,0.421569,1.33875,1.64917,1.39807,0.467779,0.911147,-0.856174,-1.20032,0.911231,0.438519,-0.592617,0.455632,-1.39953,-0.467779,2.38712,0,-2.98023e-08,0,-0.0128711,1.47573,0.912095,1.39807,0.467779,0.911147,0.421569,1.33875,1.64917,1.39807,0.467779,0.911147,-0.0128711,1.47573,0.912095,1.39807,0.467779,0.911147,0.438519,-0.592617,0.455632,0,-2.98023e-08,0,-1.39953,-0.467779,2.38712,0.421569,1.33875,1.64917,-0.876848,1.18665,2.38622,1.39807,0.467779,0.911147]},"normal":{"type":"float32","components":3,"data":[0.00530034,-0.607043,-0.794651,0.00530034,-0.607043,-0.794651,0.00530034,-0.607043,-0.794651,-0.575692,-0.192631,-0.794652,-0.575692,-0.192631,-0.794652,-0.575692,-0.192631,-0.794652,-0.361091,0.487997,-0.794652,-0.361091,0.487997,-0.794652,-0.361091,0.487997,-0.794652,-0.931256,-0.312182,-0.187897,-0.931256,-0.312182,-0.187897,-0.931256,-0.312182,-0.187897,-0.584255,0.789593,-0.187587,-0.584255,0.789593,-0.187587,-0.584255,0.789593,-0.187587,-0.936518,0.295975,0.187971,-0.936518,0.295975,0.187971,-0.936518,0.295975,0.187971,-0.00857624,0.98221,0.187589,-0.00857624,0.98221,0.187589,-0.00857624,0.98221,0.187589,0.506011,-0.683787,0.525727,0.506011,-0.683787,0.525727,0.506011,-0.683787,0.525727,0.506011,-0.683787,0.525727,0.352528,0.494221,-0.794651,0.352528,0.494221,-0.794651,0.352528,0.494221,-0.794651,0.570849,0.799258,-0.18793,0.570849,0.799258,-0.18793,0.570849,0.799258,-0.18793,0.578968,-0.182548,-0.794652,0.578968,-0.182548,-0.794652,0.578968,-0.182548,-0.794652,0.501538,-0.158138,0.85056,0.501538,-0.158138,0.85056,0.501538,-0.158138,0.85056,0.501538,-0.158138,0.85056]},"texCoord0":{"type":"float32","components":2,"data":[0.921983,0.170978,0.825484,0.170978,0.830978,0.00114234,0.295754,0.529644,0.167648,0.413589,0.295754,0.334028,0.655659,0.577323,0.485352,0.480464,0.655659,0.379773,0.823742,0.907273,0.898091,0.776245,0.898091,0.969469,0.81453,0.354564,0.655899,0.236398,0.81453,0.176795,0.581792,0.933993,0.485352,0.923449,0.581792,0.764843,0.654557,0.931604,0.750985,0.764816,0.750985,0.934708,0.312441,0.0326975,0.00114472,0.0823757,0.152306,0.00114234,0.01558,0.265064,0.798838,0.535155,0.657949,0.396381,0.798838,0.379773,0.584082,0.860689,0.647629,0.764843,0.647629,0.933132,0.164056,0.880955,0.100504,0.785124,0.164056,0.712658,0.01558,0.265064,0.312441,0.202933,0.199075,0.331743,0.312441,0.0326975]}},{"position":{"type":"float32","components":3,"data":[0.856986,1.20146,2.3879,-0.875766,1.18633,2.3879,0,-2.98023e-08,3.3,-1.39848,-0.468061,2.3885,0.00643089,-0.737328,2.84428,0,-2.98023e-08,3.3,-0.875766,1.18633,2.3879,-1.39848,-0.468061,2.3885,0,-2.98023e-08,3.3,0.00643089,-0.737328,2.84428,1.40715,-0.442736,2.3879,0,-2.98023e-08,3.3,1.39911,0.468722,0.913396,0.422567,1.33843,1.65086,0.856986,1.20146,2.3879,1.40715,-0.442736,2.3879,1.39911,0.468722,0.913396,0.856986,1.20146,2.3879,0.00643089,-0.737328,2.84428,1.39911,0.468722,0.913396,1.40715,-0.442736,2.3879,-1.39848,-0.468061,2.3885,1.40715,-0.442736,2.3879,0.856986,1.20146,2.3879,0,-2.98023e-08,3.3,0.422567,1.33843,1.65086,-0.875766,1.18633,2.3879,0.856986,1.20146,2.3879,1.39911,0.468722,0.913396,-1.39848,-0.468061,2.3885,0.422567,1.33843,1.65086,-0.875766,1.18633,2.3879]},"normal":{"type":"float32","components":3,"data":[-0.00530044,0.607043,0.794651,-0.00530044,0.607043,0.794651,-0.00530044,0.607043,0.794651,-0.352528,-0.49422,0.794651,-0.352528,-0.49422,0.794651,-0.352528,-0.49422,0.794651,-0.579104,0.183254,0.794391,-0.579104,0.183254,0.794391,-0.579104,0.183254,0.794391,0.361486,-0.487914,0.794524,0.361486,-0.487914,0.794524,0.361486,-0.487914,0.794524,0.570448,0.799616,-0.187627,0.570448,0.799616,-0.187627,0.570448,0.799616,-0.187627,0.931486,0.311682,0.187587,0.931486,0.311682,0.187587,0.931486,0.311682,0.187587,0.0075668,-0.850566,-0.525814,0.0075668,-0.850566,-0.525814,0.0075668,-0.850566,-0.525814,0.0075668,-0.850566,-0.525814,0.575692,0.192631,0.794652,0.575692,0.192631,0.794652,0.575692,0.192631,0.794652,-0.00857626,0.98221,0.187589,-0.00857626,0.98221,0.187589,-0.00857626,0.98221,0.187589,-0.501447,0.158163,-0.850609,-0.501447,0.158163,-0.850609,-0.501447,0.158163,-0.850609,-0.501447,0.158163,-0.850609]},"texCoord0":{"type":"float32","components":2,"data":[0.654557,0.686585,0.821453,0.579607,0.821453,0.762531,0.982628,0.776245,0.998855,0.885737,0.900381,0.885737,0.0982147,0.895581,0.00114472,0.858295,0.0982147,0.712658,0.816819,0.324111,0.901368,0.176795,0.901368,0.374491,0.986576,0.305774,0.903658,0.226007,0.986576,0.176795,0.265649,0.901934,0.167648,0.883359,0.265649,0.728566,0.517461,0.105646,0.65361,0.377489,0.485352,0.274152,0.65361,0.00114234,0.823194,0.00114234,0.823194,0.17451,0.655899,0.10703,0.399803,0.906861,0.482557,0.758401,0.482557,0.956348,0.47063,0.379762,0.470631,0.756116,0.344511,0.486257,0.31473,0.655038]}},{"position":{"type":"float32","components":3,"data":[0.877837,-1.18631,0.912095,0.439269,-0.593631,0.456412,1.39887,0.466703,0.911975,0.877837,-1.18631,0.912095,1.39887,0.466703,0.911975,1.40554,-0.445231,2.3879,0.877837,-1.18631,0.912095,1.40554,-0.445231,2.3879,0.0128712,-1.47573,2.3879,0.0128712,-1.47573,2.3879,1.40554,-0.445231,2.3879,0.00644283,-0.738695,2.84344,0.00644283,-0.738695,2.84344,-1.39892,-0.468851,2.38725,0.0128712,-1.47573,2.3879,1.39887,0.466703,0.911975,0.00644283,-0.738695,2.84344,1.40554,-0.445231,2.3879,-1.39892,-0.468851,2.38725,-0.855344,-1.20145,0.912095,0.877837,-1.18631,0.912095,0.0128712,-1.47573,2.3879,0.0128712,-1.47573,2.3879,-1.39892,-0.468851,2.38725,-1.242,-0.680857,1.96064,-0.855344,-1.20145,0.912095,0.877837,-1.18631,0.912095,-0.855344,-1.20145,0.912095,-0.725708,-1.14046,0.866369,0.439269,-0.593631,0.456412,-0.725708,-1.14046,0.866369,-0.855344,-1.20145,0.912095,-1.242,-0.680857,1.96064,1.39887,0.466703,0.911975,-0.725708,-1.14046,0.866369,-1.242,-0.680857,1.96064,-1.39892,-0.468851,2.38725,0.439269,-0.593631,0.456412]},"normal":{"type":"float32","components":3,